generation, Top Error, Gen Error, Dropped %
1, -0.965377600863576, -0.965377600863576, 0
2, -0.966530838981271, -0.966530838981271, 0
3, -0.966530838981271, -0.957197254523635, 0
4, -0.966530838981271, -0.963547071442008, 0
5, -0.966530838981271, 2.7167893871665, 0
6, -0.966530838981271, 2.73064818233252, 0
7, -0.966530838981271, 2.74405940622091, 0
